Customer Id,Age,Edu,Years Employed,Income,Card Debt,Other Debt,Defaulted,Address,DebtIncomeRatio
1,41,2,6,19000,124,1073,0,NBA001,6.3
2,47,1,26,100000,4172.5,4172.5,0,NBA021,12.8
3,33,2,10,57000,4172.5,4172.5,1,NBA013,20.9
4,29,2,4,19000,681,516,0,NBA009,6.3
5,47,1,31,103375,4172.5,4172.5,0,NBA008,7.2
6,40,1,23,81000,998,4172.5,,NBA016,10.9
7,38,2,4,56000,442,454,0,NBA013,1.6
8,42,3,0,64000,279,3945,0,NBA009,6.6
9,26,1,5,18000,575,2215,,NBA006,15.5
10,47,3,23,103375,653,3947,0,NBA011,4
11,44,3,8,88000,285,4172.5,1,NBA010,6.1
12,34,2,9,40000,374,266,,NBA003,1.6
13,24,1,7,18000,526,643,0,NBA000,6.5
14,46,1,6,30000,1415,3865,,NBA019,17.6
15,28,3,2,20000,233,1647,1,NBA000,9.4
16,24,1,1,16000,185,1287,,NBA005,9.2
17,29,1,1,17000,132,293,0,NBA004,2.5
18,43,3.5,1,26000,1519,1237,0,NBA005,10.6
19,44,1,18,61000,2806,3782,,NBA000,10.8
20,36,1,16,32000,544,2944,,NBA013,10.9
21,29,2,6,25000,585,465,0,NBA009,4.2
22,36,3,10,43000,961,4172.5,0,NBA004,13
23,28,3,6,47000,4172.5,3732,1,NBA008,19.8
24,45,1,19,77000,2303,4165,0,NBA022,8.4
25,37,3.5,10,103375,3022,4172.5,0,NBA018,17.3
26,43,1,9,66000,2341,3467,,NBA008,8.8
27,24,1,4,21000,99,447,0,NBA002,2.6
28,37,1,19,38000,2591,2539,,NBA007,13.5
29,38,2,13,59000,408,1008,0,NBA000,2.4
30,34,2,9,45000,1118,3427,0,NBA013,10.1
31,40,3,18,100000,1485,1015,0,NBA006,2.5
32,42,2,12,55000,2533,4172.5,0,NBA009,15
33,23,2,0,42000,1019,619,1,NBA001,3.9
34,40,3,5,28000,1263,1537,,NBA018,10
35,28,1,12,45000,1854,1611,0,NBA007,7.7
36,33,2,5,37000,1029,2079,,NBA002,8.4
37,35,3,5,37000,581,1417,1,NBA003,5.4
38,37,1,0,18000,1584,738,1,NBA018,12.9
39,22,1,1,18000,270,522,0,NBA000,4.4
40,39,3,16,103375,1405,4172.5,,NBA010,6.8
41,20,1,4,14000,201,1157,1,NBA000,9.7
42,48,3,17,103375,3376,4172.5,0,NBA026,12
43,28,2,5,34000,3099,4172.5,0,NBA009,23.8
44,37,3.5,9,103375,888,4172.5,0,NBA016,5.9
45,48,1,3,27000,1403,4172.5,0,NBA011,21.3
46,45,3,9,84000,1276,4172.5,,NBA000,13.1
47,22,1,4,14000,225,2225,0,NBA003,17.5
48,30,1,4,21000,229,506,,NBA002,3.5
49,28,1,3,19000,261,518,0,NBA007,4.1
50,29,2,10,61000,798,2984,,NBA003,6.2
51,47,1,22,81000,1506,2949,0,NBA019,5.5
52,36,1,11,33000,1266,4172.5,0,NBA002,26.85
53,24,1,3,19000,1358,3278,1,NBA004,24.4
54,56,1,19,66000,847,1331,,NBA026,3.3
55,29,3,5,70000,3176,4172.5,1,NBA006,19.9
56,34,1,2,25000,573,2577,1,NBA011,12.6
57,32,1,1,20000,315,645,1,NBA000,4.8
58,27,3,2,26000,722,838,0,NBA007,6
59,40,1,9,64000,790,3434,0,NBA004,6.6
60,50,1,11,36000,835,893,0,NBA005,4.8
61,39,1,17,60000,2450,4172.5,0,NBA020,13.7
62,34,1,18,34000,2100,3136,0,NBA010,15.4
63,36,1,18,67000,4172.5,2259,0,NBA009,11.2
64,44,2,18,74000,4172.5,4172.5,0,NBA004,13.4
65,24,2,4,20000,324,416,0,NBA004,3.7
66,31,1,8,44000,1721,1799,0,NBA004,8
67,34,1,16,79000,1735,1425,0,NBA009,4
68,26,1,4,27000,2472,363,1,NBA003,10.5
69,38,1,3,23000,832,2549,0,NBA019,14.7
70,24,1,3,14000,838,1416,1,NBA000,16.1
71,30,3,8,61000,550,1158,0,NBA007,2.8
72,40,3.5,5,75000,885,540,0,NBA006,1.9
73,30,2,12,98000,2935,4121,0,NBA009,7.2
74,25,2,5,42000,3366,3144,,NBA003,15.5
75,29,1,9,33000,694,890,0,NBA002,4.8
76,33,1,5,18000,985,1337,0,NBA010,12.9
77,43,1,8,45000,677,808,0,NBA011,3.3
78,35,2,1,21000,370,1289,0,NBA001,7.9
79,41,2,21,103375,3237,4172.5,0,NBA022,12.2
80,46,2,18,55000,419,2001,,NBA018,4.4
81,33,1,12,68000,1366,4172.5,0,NBA012,10.8
82,30,3,0,65000,3900,4172.5,1,NBA008,26.85
83,40,3,18,103375,3326,4172.5,0,NBA014,6.6
84,38,1,1,42000,891,2931,,NBA009,9.1
85,49,2,11,51000,543,4172.5,0,NBA001,15
86,26,1,0,15000,386,424,,NBA002,5.4
87,22,3.5,0,25000,1491,1559,,NBA001,12.2
88,29,2,2,16000,433,1247,,NBA004,10.5
89,28,2,8,31000,1492,1050,1,NBA003,8.2
90,23,3.5,0,32000,818,4172.5,1,NBA004,18.4
91,37,2,11,75000,633,1992,0,NBA004,3.5
92,35,2,5,33000,103,821,0,NBA001,2.8
93,31,1,1,21000,277,248,1,NBA006,2.5
94,29,1,1,20000,569,3151,1,NBA002,18.6
95,34,3,7,27000,125,469,0,NBA000,2.2
96,47,2,7,49000,254,187,,NBA024,0.9
97,37,1,5,27000,419,2119,,NBA011,9.4
98,38,1,10,34000,36,372,0,NBA008,1.2
99,32,2,5,28000,2594,1550,1,NBA000,14.8
100,22,3,0,20000,219,721,0,NBA002,4.7
101,30,1,7,33000,1165,4172.5,1,NBA002,25.4
102,38,3.5,13,103375,4172.5,4172.5,,NBA002,13.7
103,36,1,20,60000,1056,2184,0,NBA015,5.4
104,44,1,5,48000,1970,2350,1,NBA003,9
105,27,2,4,22000,1086,1818,1,NBA003,13.2
106,47,1,19,50000,3176,4172.5,0,NBA007,26.85
107,41,1,7,32000,72,856,0,NBA022,2.9
108,25,1,8,27000,1019,2869,0,NBA004,14.4
109,33,2,10,54000,120,1500,,NBA002,3
110,42,3,13,82000,1315,1391,0,NBA000,3.3
111,36,1,14,53000,1888,1133,0,NBA017,5.7
112,25,3.5,0,32000,2140,3492,0,NBA002,17.6
113,30,1,10,39000,2056,1649,0,NBA011,9.5
114,24,1,0,16000,1009,1551,1,NBA002,16
115,32,1,7,23000,861,1393,,NBA010,9.8
116,39,2,9,32000,1430,682,0,NBA012,6.6
117,30,1,4,18000,227,1699,0,NBA002,10.7
118,33,1,16,46000,2400,1326,,NBA012,8.1
119,32,2,12,63000,4172.5,4172.5,0,NBA003,18.2
120,33,1,7,26000,543,1017,0,NBA006,6
121,29,2,6,21000,369,2046,0,NBA004,11.5
122,28,2,5,37000,1124,1947,0,NBA002,8.3
123,33,3.5,9,32000,496,1264,0,NBA008,5.5
124,39,2,16,53000,694,1267,0,NBA012,3.7
125,32,1,10,42000,1540,2282,0,NBA011,9.1
126,46,1,9,72000,828,2772,,NBA006,5
127,32,2,3,47000,429,464,0,NBA013,1.9
128,28,2,5,25000,339,386,0,NBA006,2.9
129,26,1,2,21000,1023,3135,0,NBA006,19.8
130,27,1,0,16000,183,89,0,NBA001,1.7
131,35,1,16,36000,179,1045,0,NBA015,3.4
132,35,1,16,57000,1143,4172.5,0,NBA010,10.5
133,31,2,6,25000,2332,543,0,NBA005,11.5
134,32,3,5,23000,326,709,0,NBA009,4.5
135,29,1,9,25000,1070,2405,0,NBA000,13.9
136,35,3.5,4,29000,1844,1346,0,NBA016,11
137,48,2,21,86000,146,886,,NBA014,1.2
138,24,1,4,19000,1185,905,,NBA000,11
139,44,1,12,31000,358,2649,0,NBA003,9.7
140,40,2,5,35000,1584,4156,1,NBA012,16.4
141,36,2,13,41000,2918,3806,1,NBA006,16.4
142,23,2,0,21000,455,1372,0,NBA004,8.7
143,26,2,8,40000,444,4172.5,0,NBA001,11.8
144,30,1,8,23000,762,1998,0,NBA006,12
145,34,1,12,68000,4172.5,4172.5,1,NBA005,25.1
146,28,3,2,30000,1522,4172.5,0,NBA005,19.9
147,37,1,18,58000,2868,3106,,NBA009,10.3
148,46,3,3,43000,3042,2634,1,NBA013,13.2
149,24,2,1,42000,838,1556,0,NBA002,5.7
150,25,2,6,26000,70,1100,0,NBA002,4.5
151,33,1,14,37000,199,763,0,NBA002,2.6
152,46,1,7,41000,585,4172.5,,NBA006,23.4
153,38,3,4,31000,1332,1551,1,NBA006,9.3
154,47,1,3,21000,68,3166,,NBA001,15.4
155,34,2,9,65000,2108,1922,0,NBA009,6.2
156,35,1,16,37000,4172.5,2151,,NBA000,17.2
157,39,1,22,103375,987,1951,0,NBA009,2.6
158,44,1,24,101000,2992,2664,0,NBA010,5.6
159,28,2,1,24000,1338,2766,1,NBA008,17.1
160,31,3,9,59000,3110,4172.5,1,NBA007,14.6
161,24,1,1,20000,325,495,,NBA000,4.1
162,36,3,13,39000,2801,4172.5,0,NBA003,19.2
163,35,2,14,82000,468,188,0,NBA003,0.8
164,31,1,11,47000,2864,2259,0,NBA012,10.9
165,28,2,6,22000,650,1880,0,NBA009,11.5
166,36,3.5,8,32000,25,487,0,NBA000,1.6
167,31,3,6,54000,402,1110,0,NBA008,2.8
168,30,1,11,27000,74,169,0,NBA009,0.9
169,26,1,10,24000,311,337,0,NBA006,2.7
170,48,3.5,3,45000,975,3435,0,NBA023,9.8
171,39,2,16,89000,4172.5,4172.5,0,NBA009,14.3
172,31,1,7,20000,111,2349,0,NBA002,12.3
173,31,3,9,28000,122,606,0,NBA002,2.6
174,27,3,3,45000,292,4172.5,1,NBA004,11
175,31,1,13,27000,238,1112,0,NBA012,5
176,53,1,0,27000,2754,4172.5,1,NBA026,26.85
177,40,1,15,55000,856,2169,0,NBA014,5.5
178,26,1,7,22000,209,913,0,NBA003,5.1
179,29,2,5,36000,3491,973,1,NBA004,12.4
180,52,1,19,89000,397,3786,0,NBA025,4.7
181,39,2,2,46000,4004,3356,1,NBA012,16
182,33,2,13,40000,181,2699,0,NBA002,7.2
183,24,1,7,21000,520,803,0,NBA002,6.3
184,47,1,29,103375,4172.5,4172.5,1,NBA018,25.3
185,41,3,2,15000,1961,1984,1,NBA000,26.3
186,26,2,6,45000,4172.5,4172.5,0,NBA007,26
187,48,1,3,24000,764,916,0,NBA007,7
188,37,1,13,24000,602,1534,0,NBA005,8.9
189,37,1,20,41000,899,4172.5,,NBA013,12.9
190,46,3.5,7,73000,556,247,,NBA016,1.1
191,30,1,8,27000,3744,1737,,NBA011,20.3
192,47,1,15,30000,2212,4172.5,0,NBA001,24.5
193,37,3,16,75000,22,53,,NBA008,0.1
194,37,2,0,31000,118,161,1,NBA013,0.9
195,40,2,15,73000,1033,1449,0,NBA016,3.4
196,35,3,5,30000,1526,1654,,NBA013,10.6
197,21,2,0,16000,150,938,0,NBA001,6.8
198,52,1,24,64000,3930,2470,0,NBA014,10
199,47,3,16,103375,4172.5,4172.5,1,NBA026,17.6
200,41,3,0,26000,99,343,0,NBA021,1.7
201,47,1,27,103375,2381,4172.5,0,NBA008,9.2
202,38,2,0,21000,612,354,,NBA018,4.6
203,22,3,1,25000,1977,1473,1,NBA003,13.8
204,39,1,8,21000,276,564,0,NBA000,4
205,45,1,8,27000,416,286,,NBA025,2.6
206,51,1,10,44000,4172.5,848,1,NBA001,13.2
207,33,2,10,26000,31,775,0,NBA004,3.1
208,43,1,25,103375,1636,4172.5,0,NBA016,2.6
209,40,1,22,95000,633,2787,0,NBA004,3.6
210,27,3.5,2,23000,320,991,1,NBA008,5.7
211,31,1,11,25000,141,2134,0,NBA008,9.1
212,34,1,10,48000,264,2184,,NBA012,5.1
213,37,1,9,57000,1357,1778,0,NBA008,5.5
214,44,3.5,18,78000,565,215,,NBA023,1
215,42,1,3,24000,667,1877,0,NBA010,10.6
216,25,1,3,16000,1011,1837,1,NBA002,17.8
217,39,2,7,68000,1017,4172.5,1,NBA002,13
218,26,3.5,1,64000,4172.5,4172.5,,NBA006,23.3
219,36,1,19,45000,920,4172.5,,NBA008,12.1
220,48,1,15,60000,321,939,0,NBA005,2.1
221,21,2,0,21000,488,2137,1,NBA002,12.5
222,40,3,17,103375,2561,4172.5,0,NBA011,6
223,31,2,9,30000,602,1138,0,NBA001,5.8
224,23,3.5,0,23000,468,1073,0,NBA002,6.7
225,31,1,6,21000,729,1014,0,NBA009,8.3
226,31,1,7,23000,225,902,0,NBA010,4.9
227,50,3,18,102000,4172.5,4172.5,0,NBA027,14.1
228,29,1,1,31000,156,2324,0,NBA008,8
229,37,3,5,29000,1405,4172.5,0,NBA017,24.6
230,46,1,16,52000,3032,3676,1,NBA018,12.9
231,39,1,9,35000,233,1517,0,NBA006,5
232,34,1,14,28000,1138,3622,0,NBA008,17
233,27,1,11,56000,4172.5,4172.5,0,NBA008,16.9
234,23,1,6,15000,1375,530,,NBA002,12.7
235,41,1,24,83000,4172.5,4172.5,0,NBA012,14
236,29,1,1,18000,30,168,0,NBA001,1.1
237,44,1,19,40000,344,4016,,NBA009,10.9
238,24,2,0,15000,321,2094,1,NBA002,16.1
239,32,3,9,51000,2686,4172.5,0,NBA010,23
240,23,2,3,34000,262,1234,0,NBA004,4.4
241,31,1,4,28000,291,2873,0,NBA010,11.3
242,36,1,15,39000,686,562,0,NBA010,3.2
243,25,1,3,31000,881,1630,,NBA005,8.1
244,26,1,10,32000,126,1378,0,NBA002,4.7
245,43,1,4,26000,751,1095,,NBA011,7.1
246,47,1,29,103375,349,3369,,NBA020,2.2
247,43,1,10,69000,411,4005,0,NBA009,6.4
248,37,1,18,54000,4172.5,1941,0,NBA008,12.1
249,35,3.5,10,45000,1040,2785,,NBA012,8.5
250,28,3.5,1,26000,377,2847,0,NBA003,12.4
251,28,1,8,30000,613,1547,0,NBA006,7.2
252,26,3,2,37000,205,4172.5,0,NBA001,14.2
253,39,1,10,31000,185,1303,0,NBA004,4.8
254,34,2,3,21000,1402,3449,0,NBA008,23.1
255,51,3,16,82000,2605,1003,0,NBA025,4.4
256,28,2,3,41000,4172.5,4172.5,1,NBA004,25.1
257,39,1,20,39000,774,2424,0,NBA012,8.2
258,23,1,3,19000,279,1317,1,NBA000,8.4
259,23,1,3,13000,46,357,,NBA004,3.1
260,21,1,4,26000,1421,893,0,NBA000,8.9
261,40,1,3,23000,409,1178,0,NBA013,6.9
262,26,3.5,1,92000,4172.5,4172.5,,NBA005,13
263,32,2,12,54000,3196,4172.5,0,NBA001,14.4
264,29,3,3,50000,259,941,1,NBA003,2.4
265,43,1,25,64000,951,4172.5,0,NBA021,16.7
266,55,1,3,40000,563,2637,1,NBA011,8
267,30,1,12,40000,1249,1551,,NBA004,7
268,38,3,15,63000,4172.5,3351,0,NBA018,13.4
269,40,1,2,28000,185,1803,0,NBA003,7.1
270,43,1,12,38000,129,1239,0,NBA011,3.6
271,35,2,1,24000,591,2409,1,NBA008,12.5
272,24,1,8,24000,382,818,0,NBA004,5
273,35,1,11,40000,572,588,,NBA009,2.9
274,39,2,18,47000,1565,2007,,NBA018,7.6
275,41,2,5,25000,393,2157,0,NBA005,10.2
276,28,1,2,17000,199,226,1,NBA002,2.5
277,24,2,2,28000,1787,3057,1,NBA000,17.3
278,40,3,3,55000,1751,4172.5,1,NBA015,16.5
279,29,1,8,27000,402,2244,0,NBA006,9.8
280,26,2,4,28000,226,2434,0,NBA003,9.5
281,27,1,5,26000,130,182,,NBA005,1.2
282,50,1,30,103375,4172.5,4172.5,,NBA008,26.85
283,41,1,15,103375,2659,821,0,NBA014,2.9
284,26,1,0,14000,256,1214,0,NBA000,10.5
285,48,1,22,100000,3704,4172.5,0,NBA015,9.1
286,35,2,1,24000,417,1455,,NBA011,7.8
287,35,1,15,77000,4172.5,2661,0,NBA001,10.6
288,23,1,7,31000,338,1708,0,NBA002,6.6
289,39,2,20,101000,341,1073,0,NBA017,1.4
290,38,1,21,58000,4172.5,4172.5,0,NBA016,16.5
291,30,1,4,33000,500,886,0,NBA000,4.2
292,44,2,8,43000,555,1595,,NBA018,5
293,33,1,0,23000,77,130,0,NBA012,0.9
294,34,1,15,39000,4172.5,4172.5,1,NBA002,24.7
295,27,2,6,34000,238,1258,0,NBA001,4.4
296,30,1,1,22000,1139,1171,0,NBA010,10.5
297,27,2,1,20000,377,1683,1,NBA000,10.3
298,29,1,9,30000,155,2305,0,NBA008,8.2
299,25,3.5,1,34000,133,2757,1,NBA001,8.5
300,41,1,23,91000,573,4172.5,0,NBA002,13.7
301,42,2,11,73000,2869,2095,0,NBA005,6.8
302,38,3,12,64000,895,2817,0,NBA018,5.8
303,23,1,5,17000,302,1041,0,NBA002,7.9
304,33,1,2,24000,1041,1263,0,NBA010,9.6
305,31,1,2,22000,1739,1869,1,NBA002,16.4
306,37,2,6,62000,1186,4084,0,NBA013,8.5
307,40,1,10,45000,2013,4172.5,0,NBA015,18.8
308,31,1,3,16000,3065,2103,,NBA005,26.85
309,35,2,3,40000,1803,4172.5,1,NBA011,17.2
310,38,1,6,41000,266,3383,0,NBA000,8.9
311,30,2,8,56000,333,3251,0,NBA004,6.4
312,30,1,1,17000,746,1124,0,NBA008,11
313,44,1,2,22000,1092,1020,,NBA015,9.6
314,29,2,3,15000,147,243,0,NBA008,2.6
315,39,1,19,45000,916,749,0,NBA016,3.7
316,26,1,0,17000,142,708,,NBA005,5
317,36,1,5,27000,724,1166,,NBA002,7
318,31,2,0,27000,1089,2367,1,NBA004,12.8
319,38,2,12,40000,898,1142,,NBA014,5.1
320,38,1,0,23000,898,965,1,NBA008,8.1
321,41,3,13,91000,2316,4172.5,1,NBA013,25.2
322,41,2,2,30000,113,1897,0,NBA022,6.7
323,45,3,5,94000,3612,4172.5,1,NBA017,10.5
324,24,1,4,23000,242,885,,NBA001,4.9
325,22,1,4,16000,84,108,0,NBA001,1.2
326,34,1,13,56000,864,2552,0,NBA008,6.1
327,25,1,0,18000,514,2888,1,NBA002,18.9
328,29,2,6,18000,450,468,1,NBA007,5.1
329,35,2,13,103375,1418,577,0,NBA003,1.9
330,39,1,19,48000,1930,4172.5,0,NBA005,13.1
331,34,1,17,59000,1808,2912,0,NBA003,8
332,44,2,21,103375,3192,4172.5,0,NBA014,13.2
333,23,2,0,21000,776,1618,1,NBA002,11.4
334,46,1,6,31000,1986,1796,0,NBA019,12.2
335,41,3.5,9,47000,437,1913,0,NBA013,5
336,52,1,9,24000,802,3806,1,NBA011,19.2
337,23,1,1,17000,12,260,0,NBA000,1.6
338,48,1,28,70000,4172.5,4066,0,NBA025,12
339,35,1,10,24000,1084,4028,,NBA003,21.3
340,53,2,16,44000,1333,1131,0,NBA031,5.6
341,39,3,11,39000,2561,2470,0,NBA017,12.9
342,37,1,20,56000,543,521,0,NBA002,1.9
343,34,1,12,32000,239,625,,NBA015,2.7
344,49,2,2,20000,379,3001,1,NBA013,16.9
345,39,1,23,75000,3133,4172.5,0,NBA001,18.9
346,42,2,7,41000,941,945,0,NBA023,4.6
347,28,2,1,16000,574,1778,0,NBA004,14.7
348,27,3,5,75000,2207,2518,0,NBA001,6.3
349,24,1,2,21000,25,101,0,NBA001,0.6
350,34,1,5,33000,778,1631,0,NBA003,7.3
351,47,1,31,103375,4172.5,4172.5,1,NBA009,23.1
352,26,3.5,1,27000,312,471,0,NBA007,2.9
353,35,1,17,42000,93,1167,0,NBA004,3
354,31,1,6,33000,146,1240,0,NBA012,4.2
355,29,1,13,27000,69,552,0,NBA007,2.3
356,44,1,9,33000,546,1170,0,NBA020,5.2
357,40,2,13,102000,4172.5,4172.5,1,NBA011,18.9
358,36,3.5,1,30000,324,3126,0,NBA017,11.5
359,32,3,6,22000,385,1089,,NBA012,6.7
360,21,1,1,18000,159,2955,0,NBA001,17.3
361,42,3.5,15,103375,2404,4172.5,0,NBA008,3.6
362,37,2,4,20000,174,4166,1,NBA011,21.7
363,24,1,6,21000,108,984,0,NBA002,5.2
364,24,3.5,0,29000,590,1324,1,NBA003,6.6
365,46,3,4,73000,2223,1719,0,NBA017,5.4
366,28,1,2,16000,871,1561,0,NBA009,15.2
367,41,1,16,68000,448,3224,0,NBA017,5.4
368,46,3.5,15,103375,477,3429,0,NBA000,3.1
369,51,2,22,103375,4140,4172.5,0,NBA023,7.6
370,36,1,17,54000,727,1649,0,NBA006,4.4
371,25,1,1,20000,472,868,1,NBA000,6.7
372,27,2,3,33000,1633,2723,0,NBA005,13.2
373,43,1,23,72000,1182,4172.5,0,NBA019,7.6
374,53,1,6,27000,594,1134,1,NBA007,6.4
375,32,1,4,16000,894,3666,1,NBA003,26.85
376,36,1,0,25000,2778,2147,0,NBA013,19.7
377,29,2,9,30000,3646,2864,,NBA008,21.7
378,35,1,18,42000,205,2903,0,NBA002,7.4
379,32,2,0,18000,296,748,1,NBA006,5.8
380,25,2,1,14000,233,1153,,NBA003,9.9
381,42,1,2,30000,1472,1438,0,NBA016,9.7
382,25,1,9,20000,105,595,0,NBA002,3.5
383,20,3,0,17000,44,347,0,NBA001,2.3
384,50,1,4,23000,141,2734,0,NBA004,12.5
385,46,2,22,103375,3325,4172.5,0,NBA017,11.1
386,33,1,15,32000,491,1941,0,NBA003,7.6
387,43,1,19,79000,782,4172.5,0,NBA011,7.5
388,30,2,4,21000,492,3351,0,NBA004,18.3
389,34,1,3,36000,624,1068,0,NBA014,4.7
390,37,1,3,25000,276,649,0,NBA003,3.7
391,38,1,4,19000,1245,1339,0,NBA009,13.6
392,32,2,11,57000,4172.5,4172.5,1,NBA004,23.8
393,39,1,15,39000,140,562,0,NBA016,1.8
394,31,1,7,41000,2996,4172.5,1,NBA011,26.85
395,25,1,5,22000,403,1995,0,NBA005,10.9
396,31,2,12,44000,1867,2357,,NBA008,9.6
397,29,2,0,23000,1242,598,,NBA007,8
398,45,2,21,103375,2558,1402,0,NBA026,3
399,39,1,4,38000,1178,1292,0,NBA009,6.5
400,34,1,4,23000,617,671,,NBA006,5.6
401,24,2,3,24000,2173,2411,0,NBA001,19.1
402,30,1,10,19000,336,500,0,NBA002,4.4
403,30,1,0,19000,624,2530,1,NBA008,16.6
404,27,1,0,18000,583,1721,0,NBA007,12.8
405,31,1,5,25000,1177,2348,0,NBA003,14.1
406,47,3,9,52000,2540,4172.5,1,NBA001,20.1
407,47,2,4,33000,1195,1148,1,NBA009,7.1
408,45,2,15,51000,1551,4172.5,0,NBA014,18.1
409,31,3.5,7,97000,1827,3993,,NBA012,6
410,45,1,7,29000,739,1030,,NBA017,6.1
411,29,1,12,40000,1632,1048,0,NBA002,6.7
412,36,2,12,60000,1721,3019,0,NBA013,7.9
413,29,2,10,44000,3703,4172.5,0,NBA008,18.1
414,39,1,2,22000,1916,3166,1,NBA015,23.1
415,22,2,0,35000,781,2369,1,NBA001,9
416,46,1,14,35000,1349,2221,0,NBA025,10.2
417,38,1,21,65000,2533,4172.5,,NBA017,16.8
418,37,1,1,24000,1801,1823,1,NBA003,15.1
419,42,1,12,51000,2412,4172.5,0,NBA011,21.4
420,36,1,4,25000,144,856,,NBA017,4
421,34,1,18,53000,840,4172.5,0,NBA010,10.5
422,38,3,12,63000,4172.5,4172.5,1,NBA014,16
423,27,1,11,21000,915,1479,,NBA001,11.4
424,35,2,9,30000,650,1630,0,NBA016,7.6
425,48,1,10,70000,4172.5,4172.5,,NBA000,26.85
426,45,2,18,35000,548,4172.5,0,NBA019,17.4
427,43,1,4,29000,53,1281,0,NBA002,4.6
428,54,1,9,28000,1558,2586,1,NBA002,14.8
429,35,3,7,38000,1383,4172.5,0,NBA005,15.1
430,28,1,4,19000,287,492,0,NBA007,4.1
431,39,1,16,52000,4160,4172.5,0,NBA004,20
432,43,1,8,32000,1234,4172.5,,NBA000,19
433,32,2,2,15000,119,1246,1,NBA011,9.1
434,22,3,0,18000,478,908,0,NBA001,7.7
435,41,3,18,71000,4172.5,4172.5,1,NBA006,15.7
436,34,2,4,25000,570,880,0,NBA010,5.8
437,34,2,9,27000,295,164,0,NBA007,1.7
438,31,1,1,24000,217,863,0,NBA001,4.5
439,55,1,19,78000,4172.5,4172.5,0,NBA002,15.6
440,40,1,21,46000,967,1885,0,NBA021,6.2
441,41,1,13,44000,71,677,0,NBA010,1.7
442,43,2,10,37000,676,2469,0,NBA024,8.5
443,36,1,6,26000,30,2128,0,NBA009,8.3
444,51,2,31,103375,4172.5,4172.5,0,NBA014,7.8
445,40,1,17,55000,2126,4144,,NBA005,11.4
446,27,3,5,42000,2708,4172.5,1,NBA004,19.9
447,36,2,11,49000,273,364,0,NBA008,1.3
448,38,1,5,54000,1500,4172.5,0,NBA005,10.6
449,47,1,17,43000,588,1820,0,NBA021,5.6
450,33,1,13,42000,228,1284,0,NBA013,3.6
451,41,3,12,86000,4172.5,4172.5,1,NBA011,26.5
452,33,1,9,29000,1349,2653,1,NBA004,13.8
453,21,3,0,26000,1530,472,0,NBA001,7.7
454,34,1,0,21000,187,1325,0,NBA001,7.2
455,51,2,27,103375,821,4172.5,0,NBA021,11.5
456,36,2,0,30000,329,2581,0,NBA017,9.7
457,23,2,0,17000,2044,2665,1,NBA001,26.85
458,34,1,4,28000,1058,1574,,NBA003,9.4
459,29,1,7,22000,551,1583,0,NBA009,9.7
460,46,3,9,60000,1607,4172.5,0,NBA010,15.3
461,45,3,2,39000,459,1452,0,NBA005,4.9
462,41,3,17,103375,4172.5,4172.5,1,NBA012,9.3
463,28,1,4,16000,1085,2723,0,NBA001,23.8
464,37,1,6,29000,1716,3011,0,NBA009,16.3
465,25,1,8,35000,77,938,0,NBA001,2.9
466,48,3,0,19000,850,1202,0,NBA027,10.8
467,37,3,12,83000,320,3083,0,NBA008,4.1
468,32,1,3,23000,53,1373,0,NBA010,6.2
469,31,1,15,60000,804,2076,0,NBA002,4.8
470,48,3.5,14,59000,4172.5,4172.5,1,NBA010,16.5
471,45,1,22,91000,1256,4172.5,0,NBA024,11.7
472,41,2,6,36000,1486,3518,,NBA007,13.9
473,39,1,19,46000,2516,1670,0,NBA008,9.1
474,41,1,19,96000,2254,4172.5,0,NBA001,7.8
475,50,2,15,60000,468,192,0,NBA031,1.1
476,22,3,0,23000,373,1559,1,NBA000,8.4
477,43,2,6,54000,622,4172.5,0,NBA024,9.6
478,33,1,8,27000,777,789,0,NBA007,5.8
479,29,1,11,32000,927,993,0,NBA007,6
480,24,1,3,21000,2682,3387,1,NBA003,26.85
481,27,1,6,52000,1902,4172.5,,NBA002,13.8
482,37,3.5,1,33000,2694,2619,1,NBA014,16.1
483,34,2,8,78000,2157,2055,0,NBA006,5.4
484,22,1,1,17000,806,2356,0,NBA003,18.6
485,41,1,4,25000,1060,1464,0,NBA019,10.1
486,32,2,7,32000,433,943,0,NBA010,4.3
487,35,1,15,40000,1214,4172.5,0,NBA011,18.5
488,41,1,24,100000,4172.5,4172.5,0,NBA015,11.5
489,21,2,1,16000,242,2638,1,NBA002,18
490,23,1,2,25000,124,1001,1,NBA001,4.5
491,25,1,6,22000,2262,2182,0,NBA006,20.2
492,40,1,12,89000,2772,4172.5,0,NBA006,17.4
493,38,1,11,35000,1266,1534,0,NBA013,8
494,49,2,14,63000,936,4172.5,,NBA026,15.8
495,40,1,13,28000,965,687,0,NBA002,5.9
496,29,2,1,25000,569,2031,0,NBA007,10.4
497,25,1,3,18000,352,2582,1,NBA002,16.3
498,33,1,14,72000,4172.5,4172.5,1,NBA008,26.85
499,37,2,11,47000,1597,2915,,NBA011,9.6
500,24,1,1,18000,239,823,1,NBA000,5.9
501,29,2,4,37000,1160,1282,1,NBA003,6.6
502,28,2,0,29000,2148,1709,1,NBA007,13.3
503,37,2,15,103375,4172.5,4172.5,,NBA011,11.8
504,47,2,27,103375,1638,4172.5,,NBA007,6.1
505,31,2,2,26000,283,1485,1,NBA001,6.8
506,28,3,5,44000,773,3055,0,NBA009,8.7
507,39,2,15,32000,422,1146,0,NBA019,4.9
508,33,2,2,35000,2124,4172.5,1,NBA014,22.9
509,41,2,19,68000,1507,2437,0,NBA002,5.8
510,29,2,1,29000,2330,3818,1,NBA007,21.2
511,31,1,2,22000,1092,1702,1,NBA004,12.7
512,28,3.5,0,38000,636,3316,0,NBA005,10.4
513,35,1,0,34000,1370,2404,1,NBA005,11.1
514,54,1,25,103375,4172.5,4172.5,1,NBA012,26.5
515,39,1,19,53000,190,1771,,NBA016,3.7
516,46,1,9,31000,1617,2661,0,NBA023,13.8
517,23,2,3,22000,1274,1234,1,NBA003,11.4
518,28,2,6,38000,774,1962,0,NBA007,7.2
519,24,1,3,15000,73,1622,1,NBA005,11.3
520,41,2,7,63000,4172.5,4172.5,0,NBA017,15.4
521,43,2,9,60000,4039,4172.5,1,NBA005,20.4
522,27,3,3,35000,1601,3054,0,NBA004,13.3
523,33,3.5,4,22000,566,644,,NBA012,5.5
524,28,1,2,18000,1939,725,1,NBA000,14.8
525,48,1,13,38000,722,3382,,NBA011,10.8
526,35,3,1,20000,853,727,0,NBA004,7.9
527,31,1,11,28000,345,999,1,NBA006,4.8
528,42,2,14,48000,1201,2927,1,NBA001,8.6
529,29,1,1,18000,1981,2627,1,NBA003,25.6
530,36,1,4,17000,521,2420,0,NBA015,17.3
531,29,1,4,24000,867,1005,,NBA000,7.8
532,31,1,12,31000,2057,4172.5,0,NBA004,23.7
533,43,3.5,18,103375,4172.5,4172.5,1,NBA014,6.5
534,41,2,13,93000,4172.5,4129,,NBA001,14.7
535,31,1,9,28000,48,624,0,NBA010,2.4
536,31,1,6,45000,585,2700,,NBA001,7.3
537,28,2,2,23000,187,1285,1,NBA003,6.4
538,35,1,7,29000,264,1157,0,NBA014,4.9
539,38,1,5,21000,450,1440,0,NBA013,9
540,40,1,14,43000,2793,3657,1,NBA021,15
541,39,1,20,103375,2240,2516,,NBA008,4.1
542,38,2,8,38000,29,199,0,NBA016,0.6
543,27,3,4,40000,284,956,1,NBA001,3.1
544,49,1,11,39000,2458,1481,0,NBA005,10.1
545,38,1,18,45000,535,2615,0,NBA007,7
546,43,1,16,89000,159,197,0,NBA007,0.4
547,36,2,9,49000,818,3396,1,NBA006,8.6
548,37,1,4,23000,870,1982,0,NBA000,12.4
549,46,3,22,99000,827,1450,0,NBA004,2.3
550,22,2,0,20000,207,913,0,NBA003,5.6
551,47,1,13,51000,3739,4172.5,0,NBA025,23.8
552,47,3,16,103375,2192,3128,,NBA007,2
553,30,3.5,2,25000,1770,730,0,NBA008,10
554,51,2,19,103375,1068,3384,0,NBA025,2.8
555,28,1,10,42000,1047,2565,,NBA001,8.6
556,50,1,6,21000,1317,1392,,NBA027,12.9
557,43,1,24,103375,4172.5,4172.5,,NBA022,7.7
558,46,2,9,15000,15,630,0,NBA026,4.3
559,29,1,7,20000,1006,2954,1,NBA005,19.8
560,26,1,1,21000,608,421,0,NBA000,4.9
561,45,1,14,46000,1262,1084,,NBA026,5.1
562,39,1,22,52000,1155,509,0,NBA003,3.2
563,30,2,10,22000,1410,2132,0,NBA004,16.1
564,41,3,7,56000,374,4172.5,1,NBA006,14.5
565,25,2,4,27000,549,801,1,NBA005,5
566,34,1,16,48000,1474,2174,0,NBA009,7.6
567,44,3,7,78000,3153,4172.5,,NBA016,10.5
568,25,1,4,23000,252,944,0,NBA000,5.2
569,39,1,20,67000,3834,4172.5,0,NBA009,26.85
570,26,1,4,20000,319,761,0,NBA003,5.4
571,31,1,8,41000,134,4172.5,0,NBA003,12.6
572,40,3,5,103375,4172.5,4172.5,1,NBA003,16
573,42,1,6,31000,1025,2571,0,NBA009,11.6
574,23,1,1,21000,1210,554,1,NBA000,8.4
575,34,1,9,48000,420,4044,0,NBA008,9.3
576,28,3.5,0,29000,1425,4172.5,0,NBA007,24.2
577,29,1,6,21000,1110,2691,0,NBA007,18.1
578,29,2,3,26000,538,1048,1,NBA006,6.1
579,24,2,2,26000,888,1634,1,NBA003,9.7
580,53,1,9,50000,2016,3584,1,NBA018,11.2
581,39,1,19,60000,4172.5,4172.5,1,NBA015,26.85
582,28,3.5,2,41000,459,566,1,NBA004,2.5
583,38,1,16,37000,83,3099,,NBA008,8.6
584,39,1,12,46000,561,1739,0,NBA010,5
585,38,1,18,44000,606,1374,0,NBA019,4.5
586,34,3.5,6,27000,1982,4172.5,1,NBA003,26.85
587,31,1,11,45000,2739,4172.5,0,NBA012,17
588,40,1,2,32000,854,330,0,NBA004,3.7
589,32,1,8,26000,326,740,0,NBA006,4.1
590,35,2,12,64000,1450,4172.5,,NBA012,15
591,29,2,3,32000,1071,1809,,NBA009,9
592,44,2,12,86000,1476,4172.5,0,NBA005,13
593,48,2,9,44000,2134,462,,NBA022,5.9
594,41,2,6,36000,4172.5,2506,1,NBA000,19.5
595,28,1,0,28000,2284,4172.5,1,NBA002,26.85
596,29,1,3,23000,1104,1035,,NBA010,9.3
597,24,1,1,16000,878,274,,NBA004,7.2
598,25,1,9,18000,66,150,0,NBA004,1.2
599,43,2,16,83000,259,3144,0,NBA010,4.1
600,45,1,12,37000,1343,2172,0,NBA019,9.5
601,35,1,13,35000,432,1143,0,NBA015,4.5
602,34,1,13,51000,1875,3021,0,NBA011,9.6
603,29,1,2,14000,587,1429,1,NBA000,14.4
604,32,2,11,75000,4172.5,4172.5,1,NBA006,23.3
605,27,3,6,26000,930,1774,0,NBA004,10.4
606,39,1,16,57000,1559,4172.5,0,NBA020,19.4
607,37,3.5,2,29000,2782,1684,,NBA001,15.4
608,31,3.5,1,29000,1065,2154,0,NBA006,11.1
609,28,1,4,28000,437,3539,1,NBA002,14.2
610,27,2,8,38000,364,2258,0,NBA004,6.9
611,31,1,8,27000,674,784,,NBA004,5.4
612,31,1,9,26000,310,860,0,NBA005,4.5
613,32,1,0,20000,263,337,1,NBA004,3
614,29,2,9,36000,127,377,0,NBA003,1.4
615,31,2,9,53000,1195,4172.5,0,NBA008,13.5
616,32,2,5,43000,1806,4172.5,1,NBA005,15
617,39,1,6,42000,2541,4172.5,1,NBA019,19.9
618,27,2,7,30000,448,752,1,NBA008,4
619,29,1,13,42000,1458,1650,1,NBA001,7.4
620,31,1,11,34000,298,2014,0,NBA006,6.8
621,41,2,22,75000,4172.5,4172.5,0,NBA017,23.6
622,30,1,1,27000,1275,2046,,NBA001,12.3
623,35,2,0,22000,1970,1330,1,NBA016,15
624,38,2,2,22000,1209,3785,1,NBA016,22.7
625,29,1,1,17000,157,982,0,NBA009,6.7
626,37,1,7,32000,2697,3575,0,NBA003,19.6
627,26,1,8,25000,210,965,0,NBA004,4.7
628,27,1,0,16000,130,46,0,NBA005,1.1
629,42,2,18,66000,1641,4172.5,0,NBA023,9.6
630,45,3,8,103375,4172.5,4172.5,,NBA001,13.9
631,51,3.5,15,26000,2012,1524,,NBA030,13.6
632,36,1,10,28000,815,2321,1,NBA000,11.2
633,48,1,17,66000,1468,644,0,NBA022,3.2
634,45,1,10,52000,932,1876,0,NBA014,5.4
635,47,1,16,103375,4172.5,4172.5,,NBA019,12.6
636,26,1,6,22000,721,1545,0,NBA000,10.3
637,35,1,12,30000,1899,2721,,NBA003,15.4
638,50,3,10,80000,2479,4172.5,0,NBA020,12.2
639,30,1,11,33000,682,2090,0,NBA001,8.4
640,49,2,22,79000,288,4172.5,0,NBA004,7.3
641,36,1,1,16000,433,1055,0,NBA004,9.3
642,24,2,3,19000,359,458,0,NBA000,4.3
643,42,3.5,6,103375,3157,4172.5,0,NBA023,7.8
644,28,2,0,30000,121,1319,1,NBA003,4.8
645,52,2,12,76000,995,4172.5,0,NBA016,7.7
646,39,2,9,56000,4172.5,4172.5,0,NBA016,18.7
647,40,2,15,103375,1222,4172.5,,NBA019,4.1
648,29,2,0,22000,1039,1799,1,NBA008,12.9
649,40,1,8,28000,534,474,0,NBA017,3.6
650,27,1,10,34000,851,1359,0,NBA006,6.5
651,24,3,2,16000,270,754,1,NBA005,6.4
652,26,2,5,28000,1024,1160,0,NBA007,7.8
653,40,3,16,103375,1614,4172.5,0,NBA006,12.1
654,50,2,16,71000,1663,4172.5,0,NBA014,11.1
655,30,1,0,20000,622,458,,NBA002,5.4
656,26,2,6,30000,144,156,0,NBA006,1
657,35,1,10,28000,110,254,,NBA008,1.3
658,37,3,16,50000,4172.5,4172.5,1,NBA014,26.85
659,52,3.5,9,70000,1329,4172.5,1,NBA000,9.4
660,24,1,5,46000,530,1218,,NBA001,3.8
661,28,1,3,26000,432,2168,0,NBA006,10
662,29,2,6,57000,453,801,0,NBA007,2.2
663,35,1,11,77000,1100,2519,,NBA012,4.7
664,54,1,18,103375,3295,4172.5,0,NBA034,8.5
665,32,1,10,32000,1168,2448,0,NBA013,11.3
666,32,1,11,53000,89,1660,0,NBA002,3.3
667,36,1,14,81000,1785,4047,0,NBA011,7.2
668,31,1,12,24000,442,1142,0,NBA009,6.6
669,28,1,11,24000,107,469,0,NBA006,2.4
670,34,1,10,33000,2502,897,1,NBA001,10.3
671,53,3.5,7,61000,1875,2944,0,NBA011,7.9
672,50,1,8,47000,399,2844,0,NBA027,6.9
673,52,3.5,13,103375,4172.5,4172.5,0,NBA017,7.7
674,30,2,4,15000,350,625,0,NBA008,6.5
675,26,2,0,28000,1271,1333,0,NBA007,9.3
676,42,2,21,103375,1365,2386,0,NBA011,3.1
677,27,1,6,43000,883,1224,0,NBA006,4.9
678,41,1,14,52000,926,2870,0,NBA008,7.3
679,27,1,10,31000,1362,4001,0,NBA006,17.3
680,32,1,12,33000,795,2901,,NBA010,11.2
681,37,1,12,44000,2995,3473,0,NBA014,14.7
682,29,1,3,17000,470,1060,0,NBA001,9
683,27,1,9,45000,2852,4172.5,1,NBA006,17.8
684,50,3,25,94000,1734,3248,,NBA007,5.3
685,21,3,0,24000,833,1015,0,NBA002,7.7
686,41,3.5,14,44000,353,395,0,NBA003,1.7
687,23,2,1,18000,885,2481,1,NBA003,18.7
688,45,2,9,69000,707,3916,0,NBA026,6.7
689,45,2,2,29000,443,1123,0,NBA019,5.4
690,33,1,6,21000,567,1008,0,NBA014,7.5
691,21,1,1,16000,141,867,0,NBA001,6.3
692,40,1,6,36000,391,365,1,NBA009,2.1
693,40,2,3,28000,553,2107,0,NBA002,9.5
694,56,1,11,59000,4172.5,4172.5,0,NBA020,15
695,26,1,2,22000,237,1171,,NBA005,6.4
696,29,1,6,46000,1170,1314,0,NBA004,5.4
697,29,2,6,65000,1985,4172.5,0,NBA010,18.4
698,39,1,13,27000,966,1194,0,NBA009,8
699,27,2,1,23000,285,2567,0,NBA000,12.4
700,25,1,1,15000,371,1339,1,NBA006,11.4
701,36,3.5,5,20000,729,891,0,NBA012,8.1
702,35,1,7,39000,1702,4172.5,1,NBA005,16.1
703,25,2,4,33000,553,1163,0,NBA006,5.2
704,21,2,2,20000,291,609,1,NBA000,4.5
705,23,1,2,16000,805,731,1,NBA002,9.6
706,32,1,14,73000,3752,2672,0,NBA007,8.8
707,34,1,0,20000,2049,1371,0,NBA010,17.1
708,38,1,5,20000,91,208,,NBA004,1.5
709,39,1,22,73000,3727,4172.5,0,NBA009,14.3
710,46,1,1,21000,1377,1731,1,NBA015,14.8
711,35,2,10,98000,4172.5,4172.5,0,NBA016,13.3
712,33,3.5,9,28000,377,827,0,NBA010,4.3
713,30,2,12,68000,2857,4172.5,0,NBA009,20.1
714,54,3,21,103375,4172.5,4172.5,0,NBA020,14.4
715,42,2,5,41000,355,1039,0,NBA003,3.4
716,28,1,9,22000,4172.5,811,1,NBA000,26.85
717,35,1,9,34000,398,1302,0,NBA001,5
718,41,3,16,103375,1277,4172.5,0,NBA022,4.4
719,41,1,16,49000,431,353,0,NBA022,1.6
720,53,3.5,5,78000,4172.5,4172.5,1,NBA029,17.3
721,28,1,4,26000,1295,2215,0,NBA007,13.5
722,35,1,5,32000,175,3985,0,NBA005,13
723,42,1,7,25000,1629,921,0,NBA012,10.2
724,33,1,11,35000,506,4172.5,,NBA006,15.9
725,27,3,0,50000,1044,4172.5,,NBA004,14.7
726,48,2,30,103375,3975,4172.5,0,NBA014,7.2
727,33,1,2,44000,525,839,0,NBA014,3.1
728,37,1,6,31000,1701,1926,1,NBA010,11.7
729,31,1,5,23000,46,414,,NBA007,2
730,35,3,10,39000,1602,2454,0,NBA015,10.4
731,48,2,6,66000,2316,4172.5,0,NBA001,12.1
732,34,1,16,75000,3955,3845,0,NBA003,10.4
733,23,2,2,48000,511,3089,,NBA002,7.5
734,41,2,8,43000,86,215,0,NBA021,0.7
735,52,1,33,103375,2288,4172.5,,NBA023,5.6
736,39,1,6,61000,563,2914,0,NBA009,5.7
737,46,1,1,20000,809,1991,0,NBA012,14
738,33,2,4,55000,2160,1690,0,NBA009,7
739,34,3,2,39000,1143,4005,0,NBA014,13.2
740,34,3,12,47000,1301,1848,0,NBA008,6.7
741,40,1,9,33000,4172.5,729,,NBA009,17
742,45,3,16,80000,912,1488,0,NBA021,3
743,25,1,1,19000,190,1121,0,NBA001,6.9
744,31,2,6,32000,3341,4051,1,NBA006,23.1
745,34,3.5,7,40000,950,1610,0,NBA015,6.4
746,45,1,23,50000,559,1541,0,NBA005,4.2
747,44,2,17,103375,551,2674,0,NBA000,2.5
748,35,1,13,42000,769,4172.5,,NBA004,17.6
749,22,2,0,14000,242,2152,,NBA000,17.1
750,26,3,3,40000,1896,2424,,NBA001,10.8
751,38,1,6,18000,131,2209,0,NBA017,13
752,27,1,7,26000,641,1725,0,NBA004,9.1
753,29,1,11,36000,709,1487,0,NBA005,6.1
754,29,2,5,28000,2126,3110,0,NBA007,18.7
755,22,1,4,24000,1636,2108,1,NBA002,15.6
756,47,1,4,26000,122,2582,0,NBA002,10.4
757,27,2,5,25000,706,995,0,NBA006,6.8
758,24,1,2,18000,528,552,0,NBA005,6
759,52,1,17,73000,1054,4172.5,,NBA004,8.7
760,26,1,3,29000,2527,4172.5,1,NBA005,25.7
761,40,1,22,100000,4172.5,4172.5,0,NBA001,14.6
762,33,2,12,58000,3084,4172.5,0,NBA008,18.4
763,30,1,0,17000,304,1736,0,NBA011,12
764,39,2,16,69000,1061,595,0,NBA013,2.4
765,24,2,0,16000,25,1143,0,NBA005,7.3
766,27,3.5,0,70000,1618,3982,1,NBA006,8
767,38,2,7,64000,651,1269,0,NBA004,3
768,36,1,9,40000,1976,1944,0,NBA001,9.8
769,39,1,4,33000,397,1913,0,NBA015,7
770,43,1,13,76000,2151,2485,1,NBA023,6.1
771,24,1,8,17000,569,383,1,NBA000,5.6
772,21,1,5,25000,367,1883,0,NBA001,9
773,26,2,2,24000,1577,1687,1,NBA006,13.6
774,43,1,11,37000,180,301,0,NBA017,1.3
775,36,3,11,44000,446,4172.5,0,NBA012,14.7
776,43,1,15,62000,694,4172.5,,NBA021,9.4
777,35,2,11,62000,4172.5,4172.5,,NBA001,26.85
778,34,2,10,33000,574,2561,0,NBA002,9.5
779,47,2,17,41000,456,3439,0,NBA023,9.5
780,48,1,0,30000,2663,4027,0,NBA023,22.3
781,29,2,9,46000,241,495,0,NBA000,1.6
782,36,1,7,43000,1040,1626,0,NBA002,6.2
783,35,1,10,39000,218,2005,0,NBA016,5.7
784,39,1,13,38000,1897,1485,0,NBA001,8.9
785,41,1,21,76000,4172.5,4172.5,0,NBA002,20.5
786,29,3,1,30000,279,1071,0,NBA010,4.5
787,39,2,18,44000,368,556,0,NBA009,2.1
788,33,1,12,32000,2105,1511,0,NBA011,11.3
789,33,2,8,27000,1646,1000,,NBA013,9.8
790,39,1,0,39000,1066,2015,0,NBA008,7.9
791,40,2,8,57000,878,2314,0,NBA019,5.6
792,53,1,33,103375,4172.5,4172.5,,NBA025,7
793,34,1,15,67000,3741,4172.5,0,NBA000,13.2
794,29,3,7,84000,4172.5,4172.5,1,NBA002,13.6
795,30,1,0,17000,447,182,1,NBA011,3.7
796,38,3,3,25000,312,613,0,NBA018,3.7
797,25,3.5,0,24000,1597,1307,1,NBA006,12.1
798,26,2,6,35000,86,579,0,NBA000,1.9
799,25,2,5,35000,1969,3806,,NBA005,16.5
800,29,1,8,24000,470,1138,0,NBA010,6.7
801,28,1,5,22000,140,476,0,NBA009,2.8
802,48,1,30,101000,1875,4172.5,0,NBA008,6.4
803,26,1,0,14000,302,748,1,NBA000,7.5
804,36,1,4,23000,1327,2422,0,NBA010,16.3
805,30,1,12,38000,171,3059,0,NBA010,8.5
806,41,1,1,19000,242,594,0,NBA016,4.4
807,34,3,13,52000,1497,3287,0,NBA007,9.2
808,25,3,3,54000,1163,2833,,NBA002,7.4
809,45,1,17,62000,2437,4172.5,0,NBA000,15
810,22,1,4,19000,1887,2502,1,NBA003,23.1
811,32,1,13,25000,596,1279,,NBA011,7.5
812,21,2,1,17000,555,1230,,NBA000,10.5
813,34,1,6,20000,42,198,0,NBA001,1.2
814,31,1,10,49000,3237,1565,1,NBA012,9.8
815,33,1,7,22000,631,777,0,NBA000,6.4
816,40,2,2,36000,278,1090,0,NBA001,3.8
817,36,2,6,27000,262,980,1,NBA015,4.6
818,30,2,2,26000,249,739,,NBA002,3.8
819,35,2,0,35000,2383,1957,,NBA006,12.4
820,36,1,7,40000,1695,2265,0,NBA017,9.9
821,37,1,4,24000,419,2989,,NBA010,14.2
822,32,1,16,38000,694,4172.5,0,NBA010,21
823,45,1,3,20000,105,315,0,NBA015,2.1
824,27,3.5,0,25000,1419,1756,1,NBA000,12.7
825,41,2,4,26000,1473,3519,1,NBA014,19.2
826,32,2,12,103375,4027,2585,,NBA011,5.7
827,48,1,13,50000,4172.5,4172.5,1,NBA020,26.85
828,50,1,1,26000,1852,1866,0,NBA026,14.3
829,45,3,0,22000,30,894,0,NBA019,4.2
830,33,2,2,37000,834,831,0,NBA009,4.5
831,33,1,13,52000,2714,4172.5,1,NBA003,21.3
832,27,2,8,18000,401,1741,0,NBA007,11.9
833,36,2,7,43000,2649,3973,0,NBA016,15.4
834,30,3.5,7,30000,264,4172.5,0,NBA010,15.7
835,28,2,3,36000,384,2712,0,NBA001,8.6
836,21,3,0,41000,2367,4172.5,,NBA001,19.5
837,23,2,3,24000,552,960,0,NBA004,6.3
838,23,1,7,22000,849,2319,0,NBA003,14.4
839,26,1,10,25000,1306,469,0,NBA001,7.1
840,31,1,8,22000,370,1104,0,NBA001,6.7
841,38,3,13,25000,343,1082,0,NBA018,5.7
842,29,3,7,63000,572,2893,0,NBA001,5.5
843,32,1,14,36000,273,591,0,NBA000,2.4
844,32,2,8,45000,982,683,0,NBA002,3.7
845,41,1,7,43000,694,1198,0,NBA011,4.4
846,27,1,5,26000,548,1220,,NBA007,6.8
847,28,2,7,34000,359,2021,0,NBA002,7
848,25,3.5,0,18000,2802,3210,1,NBA001,26.85
849,32,1,12,28000,116,696,0,NBA012,2.9
850,52,1,16,64000,1866,3638,0,NBA025,8.6
